{"cameraMode":{"drawMode":0,"name":"Shaded","section":"Shading Mode"},"sceneLighting":true,"audioPlay":false,"sceneViewState":{"m_AlwaysRefresh":false,"showFog":true,"showSkybox":false,"showFlares":true,"showImageEffects":true,"showParticleSystems":true,"showVisualEffectGraphs":true,"m_FxEnabled":true},"in2DMode":false,"pivot":{"x":1.7881495952606202,"y":1.233910322189331,"z":1.5556076765060425},"rotation":{"x":-0.08720435202121735,"y":-0.41322994232177737,"z":0.039791084825992587,"w":-0.9055783748626709},"size":3.1755263805389406,"orthographic":false}