{"cameraMode":{"drawMode":0,"name":"Shaded","section":"Shading Mode"},"sceneLighting":true,"audioPlay":false,"sceneViewState":{"m_AlwaysRefresh":false,"showFog":true,"showSkybox":false,"showFlares":true,"showImageEffects":true,"showParticleSystems":true,"showVisualEffectGraphs":true,"m_FxEnabled":true},"in2DMode":false,"pivot":{"x":0.05682043358683586,"y":1.1378093957901,"z":1.1596909761428834},"rotation":{"x":-0.3067390024662018,"y":0.03654327616095543,"z":-0.011786884628236294,"w":-0.9510272741317749},"size":3.1755263805389406,"orthographic":false}