{"cameraMode":{"drawMode":0,"name":"Shaded","section":"Shading Mode"},"sceneLighting":false,"audioPlay":false,"sceneViewState":{"m_AlwaysRefresh":false,"showFog":true,"showSkybox":false,"showFlares":true,"showImageEffects":true,"showParticleSystems":true,"showVisualEffectGraphs":true,"m_FxEnabled":true},"in2DMode":false,"pivot":{"x":-0.24029827117919923,"y":-0.08835077285766602,"z":0.5759415626525879},"rotation":{"x":-0.06153051182627678,"y":-0.8836296796798706,"z":0.12137031555175781,"w":-0.44796979427337649},"size":1.8869529962539673,"orthographic":false}