{"cameraMode":{"drawMode":0,"name":"Shaded","section":"Shading Mode"},"sceneLighting":false,"audioPlay":false,"sceneViewState":{"m_AlwaysRefresh":false,"showFog":true,"showSkybox":false,"showFlares":true,"showImageEffects":true,"showParticleSystems":true,"showVisualEffectGraphs":true,"m_FxEnabled":true},"in2DMode":false,"pivot":{"x":44.47657775878906,"y":3.3774566650390627,"z":9.233613014221192},"rotation":{"x":-0.20972277224063874,"y":-0.043095771223306659,"z":0.009252763353288174,"w":-0.9767675995826721},"size":2.5130972862243654,"orthographic":false}