{"cameraMode":{"drawMode":0,"name":"Shaded","section":"Shading Mode"},"sceneLighting":false,"audioPlay":false,"sceneViewState":{"m_AlwaysRefresh":false,"showFog":true,"showSkybox":false,"showFlares":true,"showImageEffects":true,"showParticleSystems":true,"showVisualEffectGraphs":true,"m_FxEnabled":true},"in2DMode":false,"pivot":{"x":-0.0011000039521604777,"y":0.005969998426735401,"z":0.002800013404339552},"rotation":{"x":0.00985203217715025,"y":-0.9747342467308044,"z":0.04389270767569542,"w":0.21878398954868318},"size":2.2287518978118898,"orthographic":true}