{"cameraMode":{"drawMode":0,"name":"Shaded","section":"Shading Mode"},"sceneLighting":false,"audioPlay":false,"sceneViewState":{"m_AlwaysRefresh":false,"showFog":true,"showSkybox":false,"showFlares":true,"showImageEffects":true,"showParticleSystems":true,"showVisualEffectGraphs":true,"m_FxEnabled":true},"in2DMode":false,"pivot":{"x":26.6200008392334,"y":18.459999084472658,"z":0.3863804340362549},"rotation":{"x":0.08365102112293244,"y":-0.20038427412509919,"z":0.01717475987970829,"w":0.9759894013404846},"size":0.4330126941204071,"orthographic":false}