{"cameraMode":{"drawMode":0,"name":"Shaded","section":"Shading Mode"},"sceneLighting":false,"audioPlay":false,"sceneViewState":{"m_AlwaysRefresh":false,"showFog":true,"showSkybox":false,"showFlares":true,"showImageEffects":true,"showParticleSystems":true,"showVisualEffectGraphs":true,"m_FxEnabled":true},"in2DMode":false,"pivot":{"x":45.84041213989258,"y":4.227427005767822,"z":11.32221794128418},"rotation":{"x":-0.05003530532121658,"y":-0.19115401804447175,"z":0.009757629595696926,"w":-0.9802333116531372},"size":5.4612908363342289,"orthographic":false}