{"cameraMode":{"drawMode":0,"name":"Shaded","section":"Shading Mode"},"sceneLighting":false,"audioPlay":false,"sceneViewState":{"m_AlwaysRefresh":false,"showFog":true,"showSkybox":false,"showFlares":true,"showImageEffects":true,"showParticleSystems":true,"showVisualEffectGraphs":true,"m_FxEnabled":true},"in2DMode":false,"pivot":{"x":-0.33164122700691225,"y":1.1053537130355836,"z":-1.1040329933166505},"rotation":{"x":0.00019502939539961517,"y":-0.9941408634185791,"z":0.10809782892465592,"w":0.0017812931910157204},"size":3.3936636447906496,"orthographic":false}