{"cameraMode":{"drawMode":0,"name":"Shaded","section":"Shading Mode"},"sceneLighting":false,"audioPlay":false,"sceneViewState":{"m_AlwaysRefresh":false,"showFog":true,"showSkybox":false,"showFlares":true,"showImageEffects":true,"showParticleSystems":true,"showVisualEffectGraphs":true,"m_FxEnabled":true},"in2DMode":false,"pivot":{"x":1.3390214443206788,"y":1.0980126857757569,"z":-0.7608006000518799},"rotation":{"x":0.09091775119304657,"y":0.8663477301597595,"z":-0.17111200094223023,"w":0.4603184163570404},"size":4.654557228088379,"orthographic":false}