{"cameraMode":{"drawMode":0,"name":"Shaded","section":"Shading Mode"},"sceneLighting":false,"audioPlay":false,"sceneViewState":{"m_AlwaysRefresh":false,"showFog":true,"showSkybox":false,"showFlares":true,"showImageEffects":true,"showParticleSystems":true,"showVisualEffectGraphs":true,"m_FxEnabled":true},"in2DMode":false,"pivot":{"x":64.57219696044922,"y":-0.6862239837646484,"z":15.626960754394532},"rotation":{"x":0.1583053469657898,"y":-0.01777268573641777,"z":0.002849794691428542,"w":0.9872264862060547},"size":7.822490692138672,"orthographic":false}