{"cameraMode":{"drawMode":0,"name":"Shaded","section":"Shading Mode"},"sceneLighting":false,"audioPlay":false,"sceneViewState":{"m_AlwaysRefresh":false,"showFog":true,"showSkybox":false,"showFlares":true,"showImageEffects":true,"showParticleSystems":true,"showVisualEffectGraphs":true,"m_FxEnabled":true},"in2DMode":false,"pivot":{"x":0.029371678829193116,"y":1.4127838611602784,"z":0.35617202520370486},"rotation":{"x":-0.23640130460262299,"y":0.35105574131011965,"z":-0.0920739620923996,"w":-0.9013401865959168},"size":1.8531827926635743,"orthographic":false}