{"cameraMode":{"drawMode":0,"name":"Shaded","section":"Shading Mode"},"sceneLighting":true,"audioPlay":false,"sceneViewState":{"m_AlwaysRefresh":false,"showFog":true,"showSkybox":false,"showFlares":true,"showImageEffects":true,"showParticleSystems":true,"showVisualEffectGraphs":true,"m_FxEnabled":true},"in2DMode":false,"pivot":{"x":53.868839263916019,"y":0.3698732852935791,"z":7.8204498291015629},"rotation":{"x":0.05184138938784599,"y":0.9228204488754273,"z":-0.1338122934103012,"w":0.35751470923423769},"size":7.999743461608887,"orthographic":false}