{"cameraMode":{"drawMode":0,"name":"Shaded","section":"Shading Mode"},"sceneLighting":true,"audioPlay":false,"sceneViewState":{"m_AlwaysRefresh":false,"showFog":true,"showSkybox":false,"showFlares":true,"showImageEffects":true,"showParticleSystems":true,"showVisualEffectGraphs":true,"m_FxEnabled":true},"in2DMode":false,"pivot":{"x":37.67797088623047,"y":12.23798942565918,"z":59.583919525146487},"rotation":{"x":-0.3745357394218445,"y":-0.021410292014479638,"z":0.008650661446154118,"w":-0.9269343614578247},"size":18.38612937927246,"orthographic":false}