{"cameraMode":{"drawMode":0,"name":"Shaded","section":"Shading Mode"},"sceneLighting":true,"audioPlay":false,"sceneViewState":{"m_AlwaysRefresh":false,"showFog":true,"showSkybox":false,"showFlares":true,"showImageEffects":true,"showParticleSystems":true,"showVisualEffectGraphs":true,"m_FxEnabled":true},"in2DMode":false,"pivot":{"x":32.82217025756836,"y":-3.4898905754089357,"z":30.73265838623047},"rotation":{"x":0.42867571115493777,"y":0.11600582301616669,"z":-0.05560413375496864,"w":0.8942654728889465},"size":19.950105667114259,"orthographic":false}