{"cameraMode":{"drawMode":0,"name":"Shaded","section":"Shading Mode"},"sceneLighting":true,"audioPlay":false,"sceneViewState":{"m_AlwaysRefresh":false,"showFog":true,"showSkybox":false,"showFlares":true,"showImageEffects":true,"showParticleSystems":true,"showVisualEffectGraphs":true,"m_FxEnabled":true},"in2DMode":false,"pivot":{"x":13.611959457397461,"y":-19.372716903686525,"z":21.645450592041017},"rotation":{"x":0.10601223260164261,"y":-0.8930533528327942,"z":0.33004412055015566,"w":0.28685346245765688},"size":37.00041580200195,"orthographic":false}