{"cameraMode":{"drawMode":0,"name":"Shaded","section":"Shading Mode"},"sceneLighting":true,"audioPlay":false,"sceneViewState":{"m_AlwaysRefresh":false,"showFog":true,"showSkybox":false,"showFlares":true,"showImageEffects":true,"showParticleSystems":true,"showVisualEffectGraphs":true,"m_FxEnabled":true},"in2DMode":false,"pivot":{"x":-15.114517211914063,"y":58.30842590332031,"z":20.433639526367189},"rotation":{"x":0.06319598108530045,"y":-0.1963001936674118,"z":0.012679139152169228,"w":0.9784256219863892},"size":80.65274047851563,"orthographic":false}