{"cameraMode":{"drawMode":0,"name":"Shaded","section":"Shading Mode"},"sceneLighting":true,"audioPlay":false,"sceneViewState":{"m_AlwaysRefresh":false,"showFog":true,"showSkybox":false,"showFlares":true,"showImageEffects":true,"showParticleSystems":true,"showVisualEffectGraphs":true,"m_FxEnabled":true},"in2DMode":false,"pivot":{"x":44.0315055847168,"y":0.6190145015716553,"z":8.369034767150879},"rotation":{"x":-0.07786354422569275,"y":0.03828151524066925,"z":-0.0029922930989414455,"w":-0.9962255954742432},"size":14.096848487854004,"orthographic":false}