{"cameraMode":{"drawMode":0,"name":"Shaded","section":"Shading Mode"},"sceneLighting":true,"audioPlay":false,"sceneViewState":{"m_AlwaysRefresh":false,"showFog":true,"showSkybox":false,"showFlares":true,"showImageEffects":true,"showParticleSystems":true,"showVisualEffectGraphs":true,"m_FxEnabled":true},"in2DMode":false,"pivot":{"x":30.28866958618164,"y":25.13627052307129,"z":6.696372032165527},"rotation":{"x":0.3773735463619232,"y":0.013891475275158883,"z":-0.0056570894084870819,"w":0.9259518980979919},"size":9.086504936218262,"orthographic":false}